|id  | first_name | last_name  | grade|
| ------------- | ------------- | ------------- | ------------- |
| 1  | John  | Doe  | 90  |
| 2  | Content Cell  | Content Cell  | 85  |
| 3  | Content Cell  | Content Cell  | 88 |
| 4 | Content Cell  |Content Cell  | 75  |
| 5  | Content Cell  |Content Cell  | 82  |
| 6  | Content Cell  | Content Cell  | 95  |
| 7  | Content Cell  | Content Cell  | 87  |
| 8  | Content Cell  | Content Cell  | 78  |
| 9 | Content Cell  | Content Cell  | 92  |
| 10  | Content Cell  | Content Cell  | 80  |
| 11  | Content Cell  | Content Cell  | 89  |
| 12  | Content Cell  | Content Cell  | 76 |
| 13  | Content Cell  | Content Cell  | 84  |
| 14 | Content Cell  | Content Cell  | 91  |
| 15  | Content Cell  | Content Cell  | 83  |
| 16 | Content Cell  | Content Cell  | 77  |
| 17 | Content Cell  | Content Cell  | 94  |
| 18  | Content Cell  | Content Cell  | 86  |
| 19 | Content Cell  | Content Cell  | 90  |
| 20 | Content Cell  | Content Cell  | 73 |




id	first_name	last_name	grade
1	John	Doe	90
2	Jane	Smith	85
3	Emily	Jones	88
4	Michael	Brown	75
5	Sarah	Johnson	82
6	David	Williams	95
7	Laura	Garcia	87
8	James	Martinez	78
9	Olivia	Lopez	92
10	Daniel	Gonzalez	80
11	Mia	Wilson	89
12	Matthew	Anderson	76
13	Isabella	Thomas	84
14	Joshua	Taylor	91
15	Sophia	Moore	83
16	Andrew	Jackson	77
17	Charlotte	Harris	94
18	Joseph	Martin	86
19	Amelia	Thompson	90
20	William	White	73
